R$ 14.999,MacBook Pro M2 Pro 14" 16GB RAM 512GB SSD,
R$ 12.500,PC Gamer RTX 4070 Ti / Ryzen 7 7700X,
R$ 5.794,Dell Notebook 9 8GB 1TB SSD,
R$ 11.408,Apple Gamer Desktop 9 8GB 2TB SSD,
R$ 12.470,Apple Desktop i7-13700K 8GB 4TB SSD,
R$ 5.940,Asus Notebook 9 8GB 512GB SSD,
R$ 5.498,Acer Notebook 7 64GB 4TB SSD,
R$ 6.937,HP Notebook 5 16GB 4TB SSD,
R$ 9.776,Acer Gamer Desktop 9 64GB 1TB SSD,
R$ 9.401,HP Notebook 5 32GB 256GB SSD,
R$ 10.486,Acer Gamer Desktop i9-13900K 64GB 512GB SSD,
R$ 8.959,MSI Desktop i9-13900K 16GB 256GB SSD,
R$ 5.666,Acer Gamer Desktop 9 8GB 1TB SSD,
R$ 3.000,Lenovo Notebook i9-13900K 32GB 256GB SSD,
R$ 8.548,Asus Desktop 9 16GB 256GB SSD,
R$ 8.124,Samsung Desktop i5-13600K 32GB 4TB SSD,
R$ 9.328,Asus Gamer Desktop 9 64GB 256GB SSD,
R$ 5.645,Gigabyte Desktop 7 32GB 4TB SSD,
R$ 9.999,iMac M1 24" 8GB RAM 256GB SSD Azul,
R$ 9.204,HP Gamer Notebook 7 32GB 1TB SSD,
R$ 5.023,HP Desktop 7 64GB 4TB SSD,
R$ 10.663,Apple Desktop i5-13600K 16GB 512GB SSD,
R$ 8.494,Apple Desktop 5 32GB 2TB SSD,
R$ 2.561,Apple Desktop undefined 8GB 1TB SSD,
R$ 4.463,HP Notebook i9-12900K 8GB 2TB SSD,
R$ 4.662,Apple Gamer Desktop Pro 8GB 256GB SSD,
R$ 5.680,MSI Notebook 9 8GB 1TB SSD,
R$ 3.661,Apple Gamer Desktop i9-12900K 64GB 2TB SSD,
R$ 7.212,Asus Gamer Desktop undefined 8GB 1TB SSD,
R$ 3.207,LG Desktop i9-12900K 16GB 512GB SSD,
R$ 7.392,Acer Desktop undefined 32GB 256GB SSD,
R$ 9.137,Asus Gamer Notebook i7-13700K 16GB 256GB SSD,
R$ 5.066,Apple Notebook undefined 32GB 512GB SSD,
R$ 7.071,Dell Desktop 5 16GB 1TB SSD,
R$ 9.526,Gigabyte Notebook i9-12900K 8GB 4TB SSD,
R$ 3.939,MSI Gamer Desktop 9 32GB 4TB SSD,
R$ 3.456,Acer Notebook i9-12900K 64GB 256GB SSD,
R$ 7.510,Acer Desktop 7 16GB 1TB SSD,
R$ 5.179,Gigabyte Gamer Notebook i7-13700K 64GB 2TB SSD,
R$ 5.172,LG Gamer Desktop 9 64GB 512GB SSD,
R$ 6.603,LG Gamer Desktop Pro 32GB 2TB SSD,
R$ 9.723,Acer Notebook i5-13600K 8GB 1TB SSD,
R$ 7.893,Apple Gamer Desktop 7 8GB 256GB SSD,
R$ 11.991,Apple Desktop i9-13900K 64GB 256GB SSD,
R$ 5.303,MSI Desktop i9-13900K 64GB 4TB SSD,
R$ 10.927,Apple Notebook Pro 64GB 4TB SSD,
R$ 9.011,Apple Notebook 5 16GB 1TB SSD,
R$ 4.326,LG Notebook 5 64GB 256GB SSD,
R$ 8.094,Dell Gamer Desktop 5 16GB 4TB SSD,
R$ 7.595,Acer Gamer Notebook i9-13900K 16GB 4TB SSD,
R$ 9.168,LG Desktop i9-12900K 16GB 4TB SSD,
R$ 12.391,Lenovo Gamer Desktop 5 32GB 2TB SSD,
R$ 8.076,Dell Desktop Pro 8GB 512GB SSD,
R$ 8.048,Lenovo Notebook 5 8GB 512GB SSD,
R$ 6.419,HP Desktop 9 64GB 512GB SSD,
R$ 7.956,Samsung Notebook i7-13700K 16GB 1TB SSD,
R$ 9.136,LG Desktop i5-13600K 16GB 2TB SSD,
R$ 8.387,Dell Desktop 5 64GB 2TB SSD,
R$ 10.323,Dell Notebook 9 32GB 2TB SSD,
R$ 10.920,LG Gamer Desktop i9-13900K 32GB 512GB SSD,
R$ 6.370,LG Notebook 5 64GB 2TB SSD,
R$ 12.305,MSI Desktop i5-13600K 64GB 1TB SSD,
R$ 2.585,Asus Desktop i7-13700K 16GB 256GB SSD,
R$ 11.110,Acer Desktop 7 32GB 4TB SSD,
R$ 10.213,Lenovo Desktop 5 64GB 4TB SSD,
R$ 6.649,Acer Gamer Notebook i9-13900K 16GB 1TB SSD,
R$ 4.445,Lenovo Gamer Desktop Pro 16GB 512GB SSD,
R$ 11.099,HP Desktop 7 64GB 512GB SSD,
R$ 9.130,Acer Gamer Desktop 9 32GB 2TB SSD,
R$ 8.727,Acer Notebook Pro 8GB 256GB SSD,
R$ 10.772,Asus Notebook 7 64GB 512GB SSD,
R$ 3.543,Acer Gamer Notebook 7 8GB 1TB SSD,
R$ 9.220,Samsung Notebook 9 32GB 4TB SSD,
R$ 5.851,LG Gamer Desktop i7-13700K 32GB 512GB SSD,
R$ 5.204,Dell Gamer Notebook Pro 16GB 2TB SSD,
R$ 10.973,Apple Gamer Desktop i9-12900K 32GB 2TB SSD,
R$ 8.276,Lenovo Notebook Pro 16GB 2TB SSD,
R$ 6.111,Gigabyte Gamer Notebook i5-13600K 8GB 2TB SSD,
R$ 8.370,Samsung Gamer Notebook 9 8GB 512GB SSD,
R$ 6.405,HP Gamer Desktop i7-13700K 16GB 2TB SSD,
R$ 5.301,Acer Notebook 7 32GB 2TB SSD,
R$ 9.687,Apple Notebook 5 8GB 4TB SSD,
R$ 3.704,HP Desktop i9-12900K 16GB 512GB SSD,
R$ 6.470,Gigabyte Notebook i5-13600K 16GB 1TB SSD,
R$ 6.362,Asus Desktop 7 16GB 4TB SSD,
R$ 4.440,Apple Notebook i7-13700K 8GB 4TB SSD,
R$ 2.910,Samsung Desktop i7-13700K 64GB 1TB SSD,
R$ 4.866,Acer Desktop 9 64GB 512GB SSD,
R$ 5.934,Acer Notebook 7 64GB 256GB SSD,
R$ 8.075,Gigabyte Desktop i9-13900K 8GB 256GB SSD,
R$ 2.514,LG Gamer Desktop undefined 16GB 1TB SSD,
R$ 8.432,Acer Gamer Desktop 9 32GB 256GB SSD,
R$ 5.938,Samsung Gamer Notebook 7 64GB 1TB SSD,
R$ 9.150,Dell Desktop i5-13600K 16GB 256GB SSD,
R$ 5.327,Lenovo Gamer Desktop 9 64GB 4TB SSD,
R$ 7.995,MSI Desktop i5-13600K 32GB 2TB SSD,
R$ 10.272,Lenovo Gamer Desktop i5-13600K 8GB 256GB SSD,
R$ 4.420,MSI Gamer Desktop 7 16GB 512GB SSD,
R$ 9.723,Asus Notebook undefined 8GB 512GB SSD,
R$ 3.865,LG Desktop i5-13600K 64GB 1TB SSD,
R$ 14.999,MacBook Pro M2 Pro 14" 16GB RAM 512GB SSD,
R$ 12.500,PC Gamer RTX 4070 Ti / Ryzen 7 7700X,
R$ 7.099,LG Notebook 5 64GB 4TB SSD,
R$ 7.290,LG Notebook 5 32GB 1TB SSD,
R$ 9.977,Samsung Notebook 5 8GB 2TB SSD,
R$ 3.275,Samsung Desktop 9 32GB 1TB SSD,
R$ 6.249,Gigabyte Desktop undefined 16GB 1TB SSD,
R$ 4.357,Asus Gamer Notebook 7 64GB 2TB SSD,
R$ 7.727,Acer Gamer Desktop Pro 16GB 1TB SSD,
R$ 2.505,Gigabyte Desktop i5-13600K 64GB 1TB SSD,
R$ 11.815,MSI Desktop i7-13700K 16GB 512GB SSD,
R$ 5.947,LG Notebook Pro 8GB 1TB SSD,
R$ 8.467,Apple Notebook 5 64GB 4TB SSD,
R$ 5.047,Lenovo Notebook i7-13700K 16GB 512GB SSD,
R$ 10.007,LG Desktop i7-13700K 64GB 4TB SSD,
R$ 3.651,Samsung Notebook Pro 8GB 4TB SSD,
R$ 6.047,Lenovo Notebook undefined 16GB 4TB SSD,
R$ 9.999,iMac M1 24" 8GB RAM 256GB SSD Azul,
R$ 4.715,Dell Desktop 7 32GB 512GB SSD,
R$ 10.440,Apple Desktop i9-12900K 64GB 512GB SSD,
R$ 9.596,Dell Desktop undefined 8GB 256GB SSD,
R$ 6.120,Acer Gamer Desktop i5-13600K 16GB 1TB SSD,
R$ 9.070,Apple Notebook 9 32GB 1TB SSD,
R$ 10.595,Samsung Notebook 9 8GB 512GB SSD,
R$ 9.144,LG Gamer Notebook 7 32GB 256GB SSD,
R$ 8.673,Asus Desktop undefined 64GB 2TB SSD,
R$ 5.659,MSI Notebook 9 8GB 2TB SSD,
R$ 7.832,Apple Desktop 5 16GB 1TB SSD,
R$ 3.627,Lenovo Gamer Notebook undefined 32GB 4TB SSD,
R$ 5.870,HP Notebook i9-12900K 32GB 256GB SSD,
R$ 11.066,MSI Desktop i9-12900K 32GB 4TB SSD,
R$ 11.492,MSI Gamer Desktop 9 64GB 512GB SSD,
R$ 10.057,Lenovo Notebook i7-13700K 32GB 2TB SSD,
R$ 8.105,Acer Gamer Notebook Pro 16GB 1TB SSD,
R$ 10.934,LG Notebook i7-13700K 16GB 256GB SSD,
R$ 9.699,Dell Desktop Pro 64GB 512GB SSD,
R$ 8.540,Acer Desktop 7 8GB 1TB SSD,
R$ 4.716,Acer Gamer Notebook Pro 8GB 256GB SSD,
R$ 3.799,Apple Desktop 5 8GB 4TB SSD,
R$ 8.778,LG Desktop 7 16GB 1TB SSD,
R$ 7.045,HP Gamer Desktop 7 32GB 1TB SSD,
R$ 9.795,Dell Notebook 9 8GB 512GB SSD,
R$ 6.542,Lenovo Desktop i7-13700K 32GB 512GB SSD,
R$ 4.711,Gigabyte Gamer Notebook i7-13700K 16GB 256GB SSD,
R$ 5.489,Lenovo Notebook i5-13600K 8GB 4TB SSD,
R$ 7.324,Dell Notebook Pro 8GB 512GB SSD,
R$ 8.203,Acer Desktop i7-13700K 64GB 1TB SSD,
R$ 9.684,Asus Notebook i5-13600K 64GB 512GB SSD,
R$ 4.805,Dell Notebook Pro 16GB 2TB SSD,
R$ 12.067,Asus Desktop 9 64GB 256GB SSD,
R$ 9.493,Dell Desktop 7 8GB 256GB SSD,
R$ 4.854,Apple Desktop 7 16GB 2TB SSD,
R$ 3.506,LG Gamer Desktop i7-13700K 16GB 256GB SSD,
R$ 8.495,Acer Desktop undefined 16GB 1TB SSD,
R$ 7.936,Dell Notebook i9-12900K 8GB 1TB SSD,
R$ 9.583,MSI Desktop i9-13900K 64GB 256GB SSD,
R$ 8.435,Acer Notebook i9-13900K 32GB 2TB SSD,
R$ 3.417,Samsung Gamer Desktop Pro 64GB 2TB SSD,
R$ 7.274,Samsung Desktop i7-13700K 64GB 256GB SSD,
R$ 11.029,MSI Gamer Desktop undefined 64GB 256GB SSD,
R$ 5.778,Apple Notebook i5-13600K 64GB 256GB SSD,
R$ 10.986,LG Notebook i5-13600K 8GB 2TB SSD,
R$ 11.326,HP Desktop i7-13700K 16GB 256GB SSD,
R$ 9.261,Lenovo Notebook 9 64GB 256GB SSD,
R$ 9.159,MSI Desktop i7-13700K 8GB 1TB SSD,
R$ 10.017,Samsung Notebook 9 16GB 512GB SSD,
R$ 5.313,MSI Desktop i5-13600K 16GB 512GB SSD,
R$ 8.456,Acer Notebook i7-13700K 16GB 2TB SSD,
R$ 3.555,MSI Notebook 9 64GB 256GB SSD,
R$ 4.114,LG Notebook Pro 64GB 4TB SSD,
R$ 9.734,Apple Gamer Desktop undefined 32GB 256GB SSD,
R$ 7.771,LG Desktop undefined 32GB 256GB SSD,
R$ 7.912,Acer Notebook 9 8GB 512GB SSD,
R$ 11.011,LG Desktop 9 32GB 2TB SSD,
R$ 8.233,Samsung Desktop 9 32GB 512GB SSD,
R$ 8.466,Apple Notebook i5-13600K 8GB 1TB SSD,
R$ 3.415,Apple Gamer Desktop Pro 16GB 256GB SSD,
R$ 10.221,LG Notebook undefined 16GB 4TB SSD,
R$ 4.323,Lenovo Notebook i9-12900K 64GB 1TB SSD,
R$ 10.683,Lenovo Notebook Pro 16GB 1TB SSD,
R$ 2.513,LG Desktop Pro 8GB 256GB SSD,
R$ 3.696,Asus Notebook i9-12900K 32GB 1TB SSD,
R$ 3.243,Samsung Desktop Pro 32GB 1TB SSD,
R$ 11.271,Asus Desktop i9-12900K 32GB 4TB SSD,
R$ 4.203,Gigabyte Notebook 9 16GB 256GB SSD,
R$ 10.369,Gigabyte Gamer Notebook 9 32GB 2TB SSD,
R$ 7.111,LG Gamer Desktop 7 8GB 1TB SSD,
R$ 2.702,Asus Desktop 9 16GB 512GB SSD,
R$ 8.835,MSI Gamer Notebook undefined 64GB 1TB SSD,
R$ 8.275,LG Gamer Desktop 5 16GB 4TB SSD,
R$ 8.661,MSI Desktop undefined 8GB 2TB SSD,
R$ 5.272,HP Notebook i9-12900K 16GB 256GB SSD,
R$ 10.461,Asus Desktop 9 32GB 1TB SSD,
R$ 7.886,MSI Gamer Notebook 9 8GB 2TB SSD,
R$ 11.675,Samsung Desktop i9-12900K 64GB 2TB SSD,
R$ 10.306,HP Gamer Desktop 5 16GB 4TB SSD,
R$ 10.126,HP Gamer Notebook 9 8GB 256GB SSD,
R$ 8.097,Asus Notebook 5 64GB 512GB SSD,
R$ 8.733,Lenovo Gamer Notebook 9 64GB 256GB SSD,
R$ 7.202,Dell Desktop 5 64GB 2TB SSD,
R$ 14.999,MacBook Pro M2 Pro 14" 16GB RAM 512GB SSD,
R$ 12.500,PC Gamer RTX 4070 Ti / Ryzen 7 7700X,
R$ 6.231,Samsung Gamer Notebook 7 8GB 256GB SSD,
R$ 6.611,MSI Notebook Pro 32GB 2TB SSD,
R$ 4.650,Lenovo Gamer Desktop 9 8GB 1TB SSD,
R$ 4.503,Apple Gamer Desktop 9 32GB 512GB SSD,
R$ 5.603,Acer Desktop i9-12900K 64GB 4TB SSD,
R$ 7.543,LG Gamer Notebook 9 16GB 1TB SSD,
R$ 9.040,HP Desktop 9 16GB 1TB SSD,
R$ 9.999,iMac M1 24" 8GB RAM 256GB SSD Azul,
R$ 6.410,Asus Gamer Notebook i9-12900K 64GB 4TB SSD,
R$ 4.521,HP Gamer Notebook 9 16GB 4TB SSD,
R$ 7.347,Asus Desktop 9 16GB 1TB SSD,
R$ 6.103,Samsung Notebook i9-13900K 32GB 2TB SSD,
R$ 5.908,HP Desktop i7-13700K 64GB 1TB SSD,
R$ 11.656,Gigabyte Gamer Desktop 5 16GB 1TB SSD,
R$ 5.955,Apple Desktop undefined 16GB 512GB SSD,
R$ 10.925,Dell Gamer Desktop 9 32GB 4TB SSD,
R$ 2.633,Samsung Gamer Desktop i7-13700K 8GB 4TB SSD,
R$ 11.954,Gigabyte Desktop 7 64GB 512GB SSD,
R$ 4.848,Apple Desktop 9 64GB 2TB SSD,
R$ 6.440,HP Notebook 7 8GB 512GB SSD,
R$ 3.254,Dell Gamer Desktop 5 64GB 4TB SSD,
R$ 11.191,Asus Desktop i5-13600K 32GB 512GB SSD,
R$ 4.356,Samsung Notebook 7 8GB 512GB SSD,
R$ 5.855,Apple Gamer Desktop 9 8GB 1TB SSD,
R$ 3.244,Dell Notebook Pro 16GB 512GB SSD,
R$ 10.434,Lenovo Notebook 9 16GB 2TB SSD,
R$ 7.295,Samsung Notebook Pro 8GB 512GB SSD,
R$ 8.096,HP Notebook 5 64GB 512GB SSD,
R$ 6.892,Asus Gamer Notebook 9 32GB 512GB SSD,
R$ 3.564,Acer Desktop 7 64GB 256GB SSD,
R$ 8.519,Acer Desktop 7 16GB 4TB SSD,
R$ 4.279,Asus Gamer Desktop i7-13700K 16GB 1TB SSD,
R$ 7.209,Acer Gamer Notebook i7-13700K 8GB 256GB SSD,
R$ 9.135,Acer Notebook 7 16GB 256GB SSD,
R$ 5.799,Samsung Gamer Notebook 9 16GB 2TB SSD,
R$ 6.992,Asus Gamer Desktop 9 8GB 512GB SSD,
R$ 5.787,LG Desktop undefined 16GB 2TB SSD,
R$ 10.542,HP Notebook i7-13700K 8GB 1TB SSD,
R$ 4.701,HP Desktop i9-13900K 8GB 1TB SSD,
R$ 4.977,Lenovo Notebook 7 64GB 1TB SSD,
R$ 3.751,Lenovo Desktop undefined 32GB 1TB SSD,
R$ 3.655,Acer Desktop undefined 64GB 1TB SSD,
R$ 12.107,LG Gamer Desktop 5 32GB 1TB SSD,
R$ 3.884,Gigabyte Gamer Desktop i9-12900K 32GB 2TB SSD,
R$ 5.437,Samsung Notebook i5-13600K 8GB 2TB SSD,
R$ 9.384,LG Desktop 5 8GB 1TB SSD,
R$ 4.514,Acer Desktop 9 8GB 4TB SSD,
R$ 10.832,HP Notebook i9-12900K 8GB 1TB SSD,
R$ 3.462,Apple Gamer Desktop i5-13600K 32GB 2TB SSD,
R$ 4.392,Apple Gamer Desktop i9-12900K 8GB 2TB SSD,
R$ 3.505,Asus Notebook i5-13600K 8GB 256GB SSD,
R$ 7.568,Lenovo Gamer Notebook i9-12900K 64GB 1TB SSD,
R$ 3.535,HP Notebook undefined 64GB 4TB SSD,
R$ 4.921,Apple Notebook i5-13600K 16GB 512GB SSD,
R$ 4.171,LG Gamer Notebook i5-13600K 32GB 4TB SSD,
R$ 3.879,Dell Notebook 9 8GB 256GB SSD,
R$ 10.857,Apple Notebook undefined 32GB 512GB SSD,
R$ 3.471,HP Notebook 7 64GB 512GB SSD,
R$ 5.579,HP Notebook 9 16GB 4TB SSD,
R$ 6.944,HP Desktop Pro 8GB 1TB SSD,
R$ 2.787,Acer Desktop i7-13700K 32GB 1TB SSD,
R$ 3.205,Acer Desktop i9-13900K 16GB 1TB SSD,
R$ 9.902,Samsung Desktop i9-13900K 64GB 512GB SSD,
R$ 5.031,Apple Notebook i9-13900K 32GB 256GB SSD,
R$ 10.190,Asus Desktop i9-12900K 64GB 4TB SSD,
R$ 3.946,Asus Gamer Notebook undefined 16GB 4TB SSD,
R$ 6.769,Acer Gamer Desktop 7 32GB 512GB SSD,
R$ 5.572,Apple Gamer Notebook i9-13900K 16GB 256GB SSD,
R$ 9.494,Acer Gamer Desktop i9-13900K 64GB 2TB SSD,
R$ 6.155,HP Desktop undefined 64GB 1TB SSD,
R$ 8.673,Apple Desktop i5-13600K 64GB 512GB SSD,
R$ 9.551,Acer Notebook 9 8GB 512GB SSD,
R$ 9.035,HP Notebook i7-13700K 64GB 4TB SSD,
R$ 5.825,Samsung Desktop 7 32GB 4TB SSD,
R$ 4.960,HP Notebook i9-12900K 16GB 512GB SSD,
R$ 11.245,MSI Gamer Desktop i9-13900K 64GB 512GB SSD,
R$ 8.135,Lenovo Desktop i7-13700K 16GB 256GB SSD,
R$ 8.161,Samsung Desktop Pro 64GB 2TB SSD,
R$ 7.410,Dell Gamer Notebook i9-12900K 64GB 512GB SSD,
R$ 4.532,MSI Gamer Notebook i9-13900K 8GB 1TB SSD,
R$ 5.858,Asus Gamer Notebook 9 8GB 1TB SSD,
R$ 9.646,Gigabyte Desktop i7-13700K 8GB 2TB SSD,
R$ 10.601,Gigabyte Notebook i9-13900K 32GB 512GB SSD,
R$ 5.831,Asus Gamer Desktop Pro 16GB 256GB SSD,
R$ 5.061,MSI Gamer Desktop i5-13600K 16GB 512GB SSD,
R$ 9.942,MSI Desktop 7 16GB 256GB SSD,
R$ 10.911,Lenovo Gamer Notebook undefined 32GB 2TB SSD,
R$ 2.686,Lenovo Desktop i7-13700K 32GB 256GB SSD,
R$ 9.740,MSI Desktop 7 64GB 256GB SSD,
R$ 8.910,Samsung Gamer Desktop 5 16GB 512GB SSD,
R$ 5.935,MSI Desktop 9 32GB 2TB SSD,
R$ 9.187,Asus Notebook i5-13600K 16GB 1TB SSD,
R$ 9.368,MSI Desktop 9 16GB 256GB SSD,
R$ 6.993,LG Notebook 7 64GB 512GB SSD,
R$ 11.903,MSI Gamer Desktop Pro 16GB 1TB SSD,
R$ 8.490,Apple Desktop i9-12900K 64GB 2TB SSD,
R$ 10.026,HP Gamer Desktop 9 64GB 512GB SSD,
R$ 6.765,Apple Gamer Notebook undefined 64GB 512GB SSD,
R$ 14.999,MacBook Pro M2 Pro 14" 16GB RAM 512GB SSD,
R$ 12.500,PC Gamer RTX 4070 Ti / Ryzen 7 7700X,
R$ 4.578,HP Desktop i9-13900K 32GB 4TB SSD,
R$ 5.262,Lenovo Notebook 7 64GB 1TB SSD,
R$ 9.081,MSI Desktop undefined 32GB 256GB SSD,
R$ 9.740,Apple Notebook 5 8GB 2TB SSD,
R$ 11.899,Samsung Desktop i7-13700K 64GB 1TB SSD,
R$ 9.443,HP Gamer Desktop 5 16GB 512GB SSD,
R$ 10.048,Dell Desktop i9-13900K 8GB 512GB SSD,
R$ 5.101,Asus Desktop Pro 32GB 4TB SSD,
R$ 9.547,Gigabyte Desktop 9 8GB 4TB SSD,
R$ 4.141,HP Desktop 5 64GB 4TB SSD,
R$ 7.253,Acer Desktop 7 16GB 1TB SSD,
R$ 5.886,Gigabyte Notebook Pro 8GB 2TB SSD,
R$ 9.999,iMac M1 24" 8GB RAM 256GB SSD Azul,
R$ 3.146,Lenovo Desktop i5-13600K 64GB 2TB SSD,
R$ 6.447,HP Gamer Notebook i9-13900K 16GB 256GB SSD,
R$ 6.245,Samsung Desktop i5-13600K 32GB 256GB SSD,
R$ 8.996,Dell Notebook i9-12900K 64GB 512GB SSD,
R$ 8.886,Asus Notebook i7-13700K 16GB 512GB SSD,
R$ 11.129,Asus Desktop 7 16GB 1TB SSD,
R$ 8.254,LG Gamer Notebook 9 8GB 256GB SSD,
R$ 6.369,Asus Desktop undefined 16GB 256GB SSD,
R$ 6.565,Dell Notebook i9-12900K 32GB 256GB SSD,
R$ 6.793,HP Desktop Pro 16GB 256GB SSD,
R$ 4.312,LG Desktop 9 64GB 512GB SSD,
R$ 11.309,Asus Gamer Desktop i7-13700K 32GB 512GB SSD,
R$ 4.810,MSI Notebook undefined 64GB 4TB SSD,
R$ 4.424,Asus Notebook undefined 32GB 512GB SSD,
R$ 6.413,Dell Gamer Desktop undefined 16GB 256GB SSD,
R$ 8.570,Acer Gamer Notebook 7 64GB 2TB SSD,
R$ 10.647,Dell Notebook i9-12900K 64GB 256GB SSD,
R$ 8.572,MSI Gamer Desktop 7 32GB 4TB SSD,
R$ 9.471,LG Notebook i9-13900K 32GB 512GB SSD,
R$ 6.386,Acer Gamer Notebook i5-13600K 16GB 1TB SSD,
R$ 10.721,Acer Gamer Desktop i7-13700K 16GB 1TB SSD,
R$ 6.515,MSI Desktop i9-12900K 8GB 512GB SSD,
R$ 8.287,Acer Desktop i9-12900K 16GB 1TB SSD,
R$ 7.884,Acer Notebook 5 16GB 2TB SSD,
R$ 9.789,MSI Notebook 7 32GB 512GB SSD,
R$ 9.696,HP Notebook i9-12900K 8GB 2TB SSD,
R$ 7.187,Gigabyte Desktop i7-13700K 8GB 256GB SSD,
R$ 8.952,HP Notebook 9 32GB 4TB SSD,
R$ 11.679,MSI Gamer Desktop undefined 8GB 512GB SSD,
R$ 5.804,Lenovo Notebook 5 64GB 2TB SSD,
R$ 4.877,Lenovo Gamer Desktop i7-13700K 32GB 256GB SSD,
R$ 4.040,MSI Notebook 7 8GB 2TB SSD,
R$ 10.244,Acer Gamer Notebook i9-12900K 32GB 4TB SSD,
R$ 6.686,Acer Desktop 9 64GB 512GB SSD,
R$ 4.606,Samsung Gamer Notebook 7 32GB 512GB SSD,
R$ 8.640,Dell Notebook 9 32GB 512GB SSD,
R$ 8.178,Samsung Notebook Pro 32GB 512GB SSD,
R$ 8.430,Dell Gamer Desktop Pro 8GB 1TB SSD,
R$ 10.590,Lenovo Desktop i7-13700K 8GB 256GB SSD,
R$ 10.800,Samsung Notebook undefined 16GB 4TB SSD,
R$ 3.365,Lenovo Notebook Pro 8GB 1TB SSD,
R$ 6.951,HP Desktop i9-12900K 8GB 1TB SSD,
R$ 3.848,Dell Desktop 9 8GB 512GB SSD,
R$ 8.162,Gigabyte Desktop undefined 64GB 2TB SSD,
R$ 4.092,MSI Gamer Desktop Pro 16GB 4TB SSD,
R$ 7.998,Lenovo Desktop 9 64GB 4TB SSD,
R$ 10.122,LG Notebook i7-13700K 16GB 2TB SSD,
R$ 8.152,Dell Notebook 9 16GB 512GB SSD,
R$ 12.445,Asus Desktop i5-13600K 64GB 256GB SSD,
R$ 7.061,Dell Gamer Notebook undefined 64GB 4TB SSD,
R$ 6.271,Dell Notebook undefined 16GB 4TB SSD,
R$ 6.484,HP Desktop i9-13900K 32GB 1TB SSD,
R$ 8.060,Gigabyte Notebook 5 32GB 4TB SSD,
R$ 3.944,Acer Desktop i7-13700K 32GB 512GB SSD,
R$ 4.864,Gigabyte Gamer Notebook i5-13600K 16GB 1TB SSD,
R$ 7.604,Samsung Desktop 9 16GB 256GB SSD,
R$ 3.153,HP Notebook i5-13600K 32GB 256GB SSD,
R$ 9.983,Lenovo Gamer Desktop Pro 8GB 4TB SSD,
R$ 6.751,Acer Gamer Desktop i5-13600K 8GB 512GB SSD,
R$ 8.639,MSI Gamer Notebook i9-13900K 64GB 2TB SSD,
R$ 8.369,Apple Desktop Pro 32GB 2TB SSD,
R$ 5.437,MSI Notebook undefined 64GB 1TB SSD,
R$ 8.104,Samsung Desktop i9-13900K 16GB 2TB SSD,
R$ 4.399,MSI Gamer Desktop i9-13900K 8GB 512GB SSD,
R$ 9.926,HP Gamer Notebook i9-13900K 16GB 4TB SSD,
R$ 10.671,Asus Desktop 5 64GB 512GB SSD,
R$ 7.388,Asus Notebook 5 16GB 1TB SSD,
R$ 5.481,Gigabyte Gamer Notebook 7 32GB 1TB SSD,
R$ 10.076,Asus Desktop 9 16GB 256GB SSD,
R$ 5.662,Asus Desktop i9-13900K 64GB 256GB SSD,
R$ 4.208,Apple Notebook 9 64GB 1TB SSD,
R$ 3.590,Gigabyte Desktop 5 64GB 2TB SSD,
R$ 5.111,Dell Notebook i5-13600K 64GB 256GB SSD,
R$ 5.436,Apple Desktop 5 16GB 512GB SSD,
R$ 10.239,Lenovo Notebook i9-13900K 16GB 4TB SSD,
R$ 4.501,Acer Desktop i9-12900K 16GB 2TB SSD,
R$ 5.415,Apple Gamer Desktop undefined 64GB 512GB SSD,
R$ 10.455,Asus Notebook i9-12900K 16GB 512GB SSD,
R$ 4.243,LG Desktop Pro 16GB 1TB SSD,
R$ 7.618,Asus Notebook Pro 64GB 256GB SSD,
R$ 5.872,Lenovo Notebook 5 8GB 2TB SSD,
R$ 9.647,Lenovo Notebook i7-13700K 8GB 256GB SSD,
R$ 4.635,Apple Notebook 7 64GB 256GB SSD,
R$ 5.182,Gigabyte Notebook undefined 64GB 4TB SSD,
R$ 11.661,HP Desktop 7 16GB 1TB SSD,
R$ 14.999,MacBook Pro M2 Pro 14" 16GB RAM 512GB SSD,
R$ 12.500,PC Gamer RTX 4070 Ti / Ryzen 7 7700X,
R$ 10.212,Acer Notebook Pro 16GB 1TB SSD,
R$ 4.131,Acer Desktop 5 32GB 2TB SSD,
R$ 11.632,Lenovo Gamer Desktop 7 64GB 4TB SSD,
R$ 6.677,HP Gamer Desktop i5-13600K 32GB 512GB SSD,
R$ 10.416,LG Gamer Notebook i5-13600K 8GB 512GB SSD,
R$ 4.095,Samsung Notebook undefined 16GB 512GB SSD,
R$ 6.548,MSI Gamer Notebook 5 16GB 256GB SSD,
R$ 7.926,MSI Desktop 5 32GB 4TB SSD,
R$ 11.021,LG Desktop i5-13600K 64GB 2TB SSD,
R$ 3.576,Samsung Gamer Desktop Pro 8GB 512GB SSD,
R$ 4.766,Asus Desktop i9-13900K 16GB 4TB SSD,
R$ 9.579,Dell Notebook 7 16GB 2TB SSD,
R$ 6.302,LG Gamer Desktop 9 32GB 256GB SSD,
R$ 7.010,Dell Notebook 9 64GB 256GB SSD,
R$ 9.999,iMac M1 24" 8GB RAM 256GB SSD Azul,
R$ 3.715,MSI Notebook i9-13900K 32GB 256GB SSD,
R$ 9.982,Samsung Notebook 9 8GB 512GB SSD,
R$ 5.275,Samsung Gamer Desktop 9 32GB 1TB SSD,
R$ 4.829,HP Desktop 7 64GB 512GB SSD,
R$ 6.204,Asus Gamer Notebook undefined 32GB 512GB SSD,
R$ 8.339,Dell Gamer Desktop i9-13900K 64GB 1TB SSD,
R$ 9.623,Apple Gamer Desktop i5-13600K 8GB 512GB SSD,
R$ 11.836,Apple Gamer Desktop i7-13700K 8GB 4TB SSD,
R$ 4.879,Samsung Notebook 5 16GB 512GB SSD,
R$ 6.985,Apple Notebook i9-13900K 32GB 4TB SSD,
R$ 7.626,Samsung Notebook 9 32GB 1TB SSD,
R$ 9.939,Apple Desktop i7-13700K 8GB 4TB SSD,
R$ 7.250,Lenovo Notebook 9 64GB 256GB SSD,
R$ 9.510,Gigabyte Notebook 7 32GB 256GB SSD,
R$ 5.862,Apple Gamer Desktop undefined 16GB 1TB SSD,
R$ 2.620,Apple Desktop 9 64GB 4TB SSD,
R$ 3.008,LG Notebook 9 16GB 512GB SSD,
R$ 5.959,Lenovo Gamer Notebook 9 16GB 2TB SSD,
R$ 5.731,Apple Notebook 7 16GB 2TB SSD,
R$ 10.412,Dell Notebook 5 32GB 512GB SSD,
R$ 5.745,Gigabyte Notebook Pro 16GB 2TB SSD,
R$ 5.255,MSI Gamer Desktop i9-12900K 16GB 256GB SSD,
R$ 5.942,Lenovo Gamer Desktop i9-12900K 32GB 256GB SSD,
R$ 9.252,HP Gamer Desktop 9 16GB 4TB SSD,
R$ 7.443,Apple Notebook i9-12900K 16GB 256GB SSD,
R$ 10.075,Samsung Notebook i9-13900K 16GB 2TB SSD,
R$ 8.508,Samsung Desktop 7 64GB 256GB SSD,
R$ 4.053,Samsung Notebook i9-13900K 64GB 2TB SSD,
R$ 11.810,HP Desktop i5-13600K 64GB 1TB SSD,
R$ 11.552,MSI Desktop i5-13600K 32GB 512GB SSD,
R$ 7.877,LG Notebook 9 32GB 2TB SSD,
R$ 8.544,Asus Desktop undefined 32GB 256GB SSD,
R$ 12.112,Samsung Gamer Desktop 7 64GB 1TB SSD,
R$ 9.042,Dell Desktop i9-13900K 8GB 256GB SSD,
R$ 6.122,Acer Gamer Desktop i7-13700K 64GB 512GB SSD,
R$ 4.759,Dell Desktop i5-13600K 8GB 2TB SSD,
R$ 3.712,LG Notebook i5-13600K 16GB 1TB SSD,
R$ 9.675,Dell Gamer Desktop 7 64GB 512GB SSD,
R$ 9.517,MSI Desktop i9-12900K 64GB 512GB SSD,
R$ 9.924,LG Gamer Notebook i9-12900K 16GB 256GB SSD,
R$ 10.937,Gigabyte Desktop Pro 8GB 1TB SSD,
R$ 9.322,HP Gamer Desktop i7-13700K 64GB 512GB SSD,
R$ 7.135,Dell Gamer Desktop 9 16GB 4TB SSD,
R$ 11.844,Samsung Desktop 9 64GB 4TB SSD,
R$ 3.515,MSI Desktop 5 16GB 4TB SSD,
R$ 8.358,Dell Desktop i5-13600K 32GB 2TB SSD,
R$ 4.200,HP Gamer Notebook 9 64GB 2TB SSD,
R$ 4.319,Samsung Notebook undefined 64GB 256GB SSD,
R$ 7.061,Dell Desktop 5 8GB 512GB SSD,
R$ 9.471,Asus Desktop 7 32GB 256GB SSD,
R$ 8.258,LG Notebook 9 16GB 512GB SSD,
R$ 10.142,MSI Notebook 9 16GB 1TB SSD,
R$ 9.000,HP Gamer Desktop 7 16GB 512GB SSD,
R$ 6.982,LG Notebook 7 32GB 2TB SSD,
R$ 4.450,Acer Gamer Notebook i9-13900K 16GB 2TB SSD,
R$ 2.991,HP Desktop 9 16GB 2TB SSD,
R$ 9.426,Dell Gamer Notebook 5 32GB 4TB SSD,
R$ 4.827,Acer Desktop 9 32GB 1TB SSD,
R$ 4.581,Gigabyte Gamer Notebook i9-13900K 8GB 512GB SSD,
R$ 5.247,Samsung Gamer Notebook undefined 16GB 2TB SSD,
R$ 12.377,Dell Desktop 5 16GB 1TB SSD,
R$ 8.528,Gigabyte Notebook 9 16GB 512GB SSD,
R$ 7.157,Lenovo Desktop Pro 16GB 4TB SSD,
R$ 8.701,HP Gamer Notebook 9 64GB 256GB SSD,
R$ 9.996,Gigabyte Desktop undefined 64GB 1TB SSD,
R$ 11.398,HP Gamer Desktop undefined 8GB 256GB SSD,
R$ 10.960,Apple Desktop 9 8GB 256GB SSD,
R$ 5.591,Asus Desktop 7 32GB 256GB SSD,
R$ 8.478,Apple Notebook 5 32GB 2TB SSD,
R$ 7.725,Acer Gamer Desktop undefined 8GB 1TB SSD,
R$ 10.093,Acer Desktop 5 32GB 512GB SSD,
R$ 9.107,Asus Desktop 7 8GB 4TB SSD,
R$ 10.363,Gigabyte Notebook 7 32GB 1TB SSD,
R$ 10.448,Dell Notebook 9 8GB 4TB SSD,
R$ 6.394,Dell Desktop Pro 8GB 1TB SSD,
R$ 6.450,Dell Notebook i9-12900K 16GB 2TB SSD,
R$ 2.678,Samsung Gamer Desktop i9-13900K 8GB 256GB SSD,
R$ 2.614,Asus Desktop i5-13600K 16GB 2TB SSD,
R$ 8.756,Dell Desktop 9 16GB 2TB SSD,
R$ 9.552,Acer Notebook 5 8GB 512GB SSD,
R$ 7.717,Lenovo Desktop 9 8GB 512GB SSD,
R$ 7.984,Lenovo Notebook i9-12900K 8GB 2TB SSD,
R$ 9.331,Dell Notebook i5-13600K 64GB 512GB SSD,
