MacBook Pro M2 Pro 14" 16GB RAM 512GB SSD,R$ 14.999,
PC Gamer RTX 4070 Ti / Ryzen 7 7700X,R$ 12.500,
HP Gamer Desktop Pro 16GB 512GB SSD,R$ 2.706,
LG Desktop 5 32GB 2TB SSD,R$ 3.538,
Gigabyte Notebook 9 8GB 4TB SSD,R$ 8.159,
Gigabyte Notebook i7-13700K 16GB 1TB SSD,R$ 5.622,
MSI Notebook undefined 16GB 1TB SSD,R$ 7.830,
Apple Notebook undefined 32GB 512GB SSD,R$ 4.041,
Acer Notebook i9-12900K 16GB 512GB SSD,R$ 6.631,
HP Gamer Notebook 7 8GB 256GB SSD,R$ 9.364,
Dell Notebook i5-13600K 8GB 2TB SSD,R$ 3.870,
MSI Desktop i9-13900K 8GB 2TB SSD,R$ 10.261,
Lenovo Desktop 9 32GB 2TB SSD,R$ 6.188,
Acer Desktop undefined 32GB 512GB SSD,R$ 7.038,
Lenovo Notebook undefined 8GB 256GB SSD,R$ 4.901,
iMac M1 24" 8GB RAM 256GB SSD Azul,R$ 9.999,
Acer Desktop i7-13700K 16GB 512GB SSD,R$ 6.374,
Apple Gamer Desktop i5-13600K 64GB 4TB SSD,R$ 8.210,
HP Notebook Pro 8GB 256GB SSD,R$ 3.019,
Acer Gamer Notebook undefined 64GB 512GB SSD,R$ 3.127,
Dell Notebook 7 16GB 2TB SSD,R$ 4.962,
LG Notebook i9-13900K 16GB 1TB SSD,R$ 8.077,
HP Desktop i9-12900K 8GB 2TB SSD,R$ 3.656,
Samsung Gamer Desktop 5 32GB 512GB SSD,R$ 3.203,
Lenovo Gamer Notebook 5 8GB 4TB SSD,R$ 10.990,
LG Notebook i9-13900K 16GB 256GB SSD,R$ 7.751,
Asus Desktop 7 64GB 1TB SSD,R$ 11.584,
Apple Desktop i9-12900K 32GB 1TB SSD,R$ 4.095,
Apple Gamer Notebook 7 32GB 4TB SSD,R$ 10.453,
MSI Gamer Desktop 7 8GB 512GB SSD,R$ 5.263,
Apple Desktop 9 8GB 4TB SSD,R$ 5.692,
Acer Desktop i9-13900K 16GB 2TB SSD,R$ 11.281,
Gigabyte Gamer Notebook i7-13700K 8GB 256GB SSD,R$ 4.930,
Asus Notebook i5-13600K 64GB 256GB SSD,R$ 7.530,
Apple Desktop i7-13700K 8GB 256GB SSD,R$ 7.576,
Apple Desktop undefined 32GB 512GB SSD,R$ 8.851,
Gigabyte Notebook i5-13600K 64GB 512GB SSD,R$ 4.914,
Dell Gamer Notebook i5-13600K 32GB 1TB SSD,R$ 8.992,
Dell Desktop undefined 32GB 1TB SSD,R$ 5.601,
Acer Desktop 7 32GB 256GB SSD,R$ 10.591,
Gigabyte Desktop i9-12900K 16GB 4TB SSD,R$ 4.928,
Gigabyte Desktop i5-13600K 64GB 4TB SSD,R$ 4.182,
Samsung Gamer Notebook i5-13600K 64GB 2TB SSD,R$ 4.894,
HP Gamer Notebook i9-13900K 32GB 2TB SSD,R$ 8.089,
Asus Notebook i5-13600K 16GB 512GB SSD,R$ 4.707,
Samsung Notebook 5 8GB 1TB SSD,R$ 7.774,
Samsung Notebook 9 64GB 1TB SSD,R$ 8.513,
HP Desktop undefined 64GB 256GB SSD,R$ 9.450,
MSI Gamer Desktop undefined 16GB 2TB SSD,R$ 2.728,
Samsung Notebook 9 64GB 2TB SSD,R$ 7.962,
MSI Notebook 5 64GB 2TB SSD,R$ 3.763,
MSI Gamer Desktop i9-12900K 64GB 4TB SSD,R$ 5.010,
Asus Notebook 9 32GB 2TB SSD,R$ 6.140,
Gigabyte Desktop 7 16GB 4TB SSD,R$ 7.610,
Lenovo Gamer Notebook undefined 8GB 512GB SSD,R$ 9.782,
Asus Desktop 7 64GB 512GB SSD,R$ 3.514,
Gigabyte Gamer Notebook 9 32GB 2TB SSD,R$ 6.086,
Lenovo Gamer Desktop 7 32GB 2TB SSD,R$ 7.453,
MSI Gamer Desktop 9 64GB 2TB SSD,R$ 10.290,
Acer Desktop i9-13900K 16GB 512GB SSD,R$ 6.429,
Gigabyte Gamer Notebook i7-13700K 8GB 2TB SSD,R$ 6.164,
Acer Gamer Desktop undefined 16GB 256GB SSD,R$ 11.157,
Dell Gamer Notebook 7 16GB 1TB SSD,R$ 3.597,
LG Desktop Pro 32GB 256GB SSD,R$ 6.992,
HP Notebook 7 32GB 2TB SSD,R$ 5.285,
HP Notebook i9-13900K 64GB 512GB SSD,R$ 4.869,
Lenovo Notebook 5 16GB 2TB SSD,R$ 3.603,
Asus Notebook 7 64GB 2TB SSD,R$ 9.859,
MSI Gamer Notebook 9 8GB 2TB SSD,R$ 5.455,
Apple Notebook Pro 64GB 4TB SSD,R$ 6.458,
LG Notebook 9 8GB 2TB SSD,R$ 6.625,
HP Notebook i9-12900K 64GB 2TB SSD,R$ 9.791,
Lenovo Notebook 9 16GB 4TB SSD,R$ 8.725,
Acer Desktop 9 8GB 512GB SSD,R$ 9.240,
Lenovo Desktop i5-13600K 32GB 4TB SSD,R$ 6.267,
MSI Desktop i5-13600K 8GB 4TB SSD,R$ 11.777,
Samsung Desktop i9-13900K 32GB 2TB SSD,R$ 10.334,
Samsung Desktop 9 16GB 1TB SSD,R$ 2.617,
Apple Gamer Desktop 9 8GB 1TB SSD,R$ 3.120,
MSI Desktop i5-13600K 8GB 2TB SSD,R$ 11.350,
Acer Desktop i9-13900K 8GB 512GB SSD,R$ 9.046,
MSI Notebook i5-13600K 64GB 2TB SSD,R$ 9.437,
Dell Notebook i9-13900K 16GB 512GB SSD,R$ 9.321,
HP Gamer Desktop undefined 8GB 256GB SSD,R$ 3.693,
Samsung Desktop i7-13700K 64GB 2TB SSD,R$ 11.304,
Gigabyte Desktop i7-13700K 32GB 4TB SSD,R$ 9.639,
Lenovo Gamer Notebook 9 8GB 4TB SSD,R$ 8.689,
Dell Notebook 9 16GB 4TB SSD,R$ 6.106,
LG Gamer Notebook 9 64GB 2TB SSD,R$ 6.336,
Apple Gamer Desktop 7 8GB 1TB SSD,R$ 6.946,
Lenovo Notebook 7 8GB 2TB SSD,R$ 6.169,
Lenovo Notebook i9-12900K 32GB 512GB SSD,R$ 4.334,
LG Notebook 9 32GB 4TB SSD,R$ 3.612,
HP Gamer Notebook 9 64GB 512GB SSD,R$ 4.463,
Acer Desktop 7 8GB 256GB SSD,R$ 6.118,
Dell Notebook 9 8GB 256GB SSD,R$ 6.275,
Acer Desktop Pro 32GB 2TB SSD,R$ 9.431,
Lenovo Gamer Desktop Pro 16GB 2TB SSD,R$ 11.806,
MSI Notebook i9-12900K 64GB 4TB SSD,R$ 5.982,
Dell Notebook 9 64GB 512GB SSD,R$ 8.766,
